{
    "latest_year_month": "2024-08",
    "annual_revenue": {
        "2021년": {
            "매출액": 64201.0,
            "매출액증가율": 8.85,
            "업종평균 매출액증가율": -6.56
        },
        "2022년": {
            "매출액": 53209.0,
            "매출액증가율": -17.12,
            "업종평균 매출액증가율": 7.88
        },
        "2023년": {
            "매출액": 61425.0,
            "매출액증가율": 15.44,
            "업종평균 매출액증가율": 1.79
        },
        "2024년(E)": {
            "매출액": 62346.0,
            "매출액증가율": 1.5,
            "업종평균 매출액증가율": -15.36
        }
    },
    "annual_assets": {
        "2021년": {
            "총자산": 27971.0,
            "총자산증가율": -9.19,
            "업종평균 총자산증가율": 0.58
        },
        "2022년": {
            "총자산": 31661.0,
            "총자산증가율": 13.19,
            "업종평균 총자산증가율": -0.84
        },
        "2023년": {
            "총자산": 31157.0,
            "총자산증가율": -1.59,
            "업종평균 총자산증가율": 0.1
        },
        "2024년(E)": {
            "총자산": 30831.0,
            "총자산증가율": -1.05,
            "업종평균 총자산증가율": -0.17
        }
    },
    "monthly_revenue": {
        "2023-09": {
            "당월매출액": 3720,
            "전년동월매출액": 6053
        },
        "2023-10": {
            "당월매출액": 1955,
            "전년동월매출액": 7321
        },
        "2023-11": {
            "당월매출액": 3427,
            "전년동월매출액": 1552
        },
        "2023-12": {
            "당월매출액": 2741,
            "전년동월매출액": 2910
        },
        "2024-01": {
            "당월매출액": 2126,
            "전년동월매출액": 6817
        },
        "2024-02": {
            "당월매출액": 7598,
            "전년동월매출액": 7878
        },
        "2024-03": {
            "당월매출액": 6610,
            "전년동월매출액": 2617
        },
        "2024-04": {
            "당월매출액": 4062,
            "전년동월매출액": 1268
        },
        "2024-05": {
            "당월매출액": 7746,
            "전년동월매출액": 9760
        },
        "2024-06": {
            "당월매출액": 3056,
            "전년동월매출액": 9048
        },
        "2024-07": {
            "당월매출액": 5021,
            "전년동월매출액": 3789
        },
        "2024-08": {
            "당월매출액": 5345,
            "전년동월매출액": 8405
        }
    },
    "monthly_growth": {
        "2023-09": {
            "매출액증가율": -38.54,
            "누적매출액증가율": -38.54
        },
        "2023-10": {
            "매출액증가율": -73.3,
            "누적매출액증가율": -57.57
        },
        "2023-11": {
            "매출액증가율": 120.81,
            "누적매출액증가율": -39.02
        },
        "2023-12": {
            "매출액증가율": -5.81,
            "누적매출액증가율": -33.6
        },
        "2024-01": {
            "매출액증가율": -68.81,
            "누적매출액증가율": -43.34
        },
        "2024-02": {
            "매출액증가율": -3.55,
            "누적매출액증가율": -33.7
        },
        "2024-03": {
            "매출액증가율": 152.58,
            "누적매출액증가율": -19.83
        },
        "2024-04": {
            "매출액증가율": 220.35,
            "누적매출액증가율": -11.47
        },
        "2024-05": {
            "매출액증가율": -20.64,
            "누적매출액증가율": -13.41
        },
        "2024-06": {
            "매출액증가율": -66.22,
            "누적매출액증가율": -22.06
        },
        "2024-07": {
            "매출액증가율": 32.52,
            "누적매출액증가율": -18.56
        },
        "2024-08": {
            "매출액증가율": -36.41,
            "누적매출액증가율": -20.78
        }
    }
}