{
    "latest_year_month": "2024-08",
    "annual_revenue": {
        "2021년": {
            "매출액": 65079.0,
            "매출액증가율": -5.63,
            "업종평균 매출액증가율": -2.97
        },
        "2022년": {
            "매출액": 56010.0,
            "매출액증가율": -13.94,
            "업종평균 매출액증가율": -9.63
        },
        "2023년": {
            "매출액": 64090.0,
            "매출액증가율": 14.43,
            "업종평균 매출액증가율": 10.73
        },
        "2024년(E)": {
            "매출액": 68898.0,
            "매출액증가율": 7.5,
            "업종평균 매출액증가율": -34.14
        }
    },
    "annual_assets": {
        "2021년": {
            "총자산": 31340.0,
            "총자산증가율": 6.43,
            "업종평균 총자산증가율": 0.27
        },
        "2022년": {
            "총자산": 31328.0,
            "총자산증가율": -0.04,
            "업종평균 총자산증가율": -0.34
        },
        "2023년": {
            "총자산": 29469.0,
            "총자산증가율": -5.93,
            "업종평균 총자산증가율": -0.28
        },
        "2024년(E)": {
            "총자산": 29379.0,
            "총자산증가율": -0.31,
            "업종평균 총자산증가율": 0.74
        }
    },
    "monthly_revenue": {
        "2023-09": {
            "당월매출액": 8521,
            "전년동월매출액": 8505
        },
        "2023-10": {
            "당월매출액": 8318,
            "전년동월매출액": 5910
        },
        "2023-11": {
            "당월매출액": 6946,
            "전년동월매출액": 1409
        },
        "2023-12": {
            "당월매출액": 4937,
            "전년동월매출액": 3973
        },
        "2024-01": {
            "당월매출액": 8351,
            "전년동월매출액": 4897
        },
        "2024-02": {
            "당월매출액": 8207,
            "전년동월매출액": 4886
        },
        "2024-03": {
            "당월매출액": 6351,
            "전년동월매출액": 3024
        },
        "2024-04": {
            "당월매출액": 4625,
            "전년동월매출액": 2511
        },
        "2024-05": {
            "당월매출액": 6083,
            "전년동월매출액": 3585
        },
        "2024-06": {
            "당월매출액": 1587,
            "전년동월매출액": 4983
        },
        "2024-07": {
            "당월매출액": 8966,
            "전년동월매출액": 4375
        },
        "2024-08": {
            "당월매출액": 1762,
            "전년동월매출액": 7107
        }
    },
    "monthly_growth": {
        "2023-09": {
            "매출액증가율": 0.19,
            "누적매출액증가율": 0.19
        },
        "2023-10": {
            "매출액증가율": 40.74,
            "누적매출액증가율": 16.82
        },
        "2023-11": {
            "매출액증가율": 392.97,
            "누적매출액증가율": 50.31
        },
        "2023-12": {
            "매출액증가율": 24.26,
            "누적매출액증가율": 45.08
        },
        "2024-01": {
            "매출액증가율": 70.53,
            "누적매출액증가율": 50.13
        },
        "2024-02": {
            "매출액증가율": 67.97,
            "누적매출액증가율": 53.08
        },
        "2024-03": {
            "매출액증가율": 110.02,
            "누적매출액증가율": 58.36
        },
        "2024-04": {
            "매출액증가율": 84.19,
            "누적매출액증가율": 60.21
        },
        "2024-05": {
            "매출액증가율": 69.68,
            "누적매출액증가율": 61.08
        },
        "2024-06": {
            "매출액증가율": -68.15,
            "누적매출액증가율": 46.34
        },
        "2024-07": {
            "매출액증가율": 104.94,
            "누적매출액증가율": 51.68
        },
        "2024-08": {
            "매출액증가율": -75.21,
            "누적매출액증가율": 35.33
        }
    }
}